id,prénom,nom,date_naissance,code_client
1,Lya,David,1960-04-29,EC2875949
2,Amir,Legrand,1983-12-09,CI4818485
3,Gaspard,Durand,1970-09-23,ER3374551
4,Nour,Gerard,1967-01-17,HW6234318
5,Liam,Fontaine,1970-10-11,DV1537014
6,Emy,Marchand,2017-05-26,TW9359914
7,Alba,Michel,1980-09-30,VH0347226
8,Julia,Pierre,1996-09-07,LO1405987
9,Louise,Mercier,2005-05-15,RC0769971
10,Louis,Meyer,1974-05-01,MU3603065
11,Alma,Garcia,1965-03-20,KL0484327
12,Romy,Leclercq,1993-02-24,YI5854105
13,Léna,Durand,1961-06-17,JC4583558
14,Rose,Dumont,1995-09-20,QB5516741
15,Paul,Aubert,1999-03-25,DZ4295315
16,Rose,Vincent,2014-08-19,FL6423038
17,Lucas,Dupont,1986-04-16,PH0441985
18,Valentin,Lambert,2008-05-06,GP6329881
19,Luna,Duval,1994-12-17,YS3599063
20,Sofia,Arnaud,1984-12-28,SF7240934
21,Naël,Gaillard,2002-10-06,UB5592200
22,Tiago,Leclercq,1981-01-26,OQ2977251
23,Inès,Giraud,1974-01-27,QL8018406
24,Imran,Dufour,2000-08-30,VA6598015
25,Gaspard,Renard,1987-01-23,IH0074246
26,Louna,Giraud,2015-04-06,UR5258625
27,Léo,Philippe,2002-10-06,EQ6566411
28,Lucie,Robert,1976-04-13,CB3108625
29,Eden,Thomas,1986-10-25,OU4561877
30,Léo,Payet,1984-06-12,FF1674156
31,Lya,Thomas,1960-04-14,OB7732298
32,Anna,Francois,1976-01-24,PY2214354
33,Alma,Gautier,2003-11-20,ZA2224668
34,Alice,Laurent,1980-12-28,WT0016707
35,Anna,Pierre,1994-01-15,FP6809210
36,Naël,Dupont,1965-09-28,JR9821770
37,Mia,Brunet,1972-01-03,UF6411552
38,Gabriel,Arnaud,1992-06-14,OI2583045
39,Mila,Richard,2015-09-17,GR6305861
40,Zoé,Lefevre,1960-04-01,SK2568724
41,Raphaël,Denis,1967-03-12,CT7019615
42,Liam,Gaillard,1992-10-26,SM9579928
43,Victor,Brun,1970-09-28,IA9848826
44,Imran,Giraud,2007-05-03,XT5994999
45,Eden,Lecomte,1997-11-14,OG5956464
46,Gabriel,Francois,2008-02-23,QC1514188
47,Noé,Lucas,2013-06-22,JZ3265302
48,Raphaël,Dumont,2010-04-14,HY0430298
49,Tom,Lefevre,2006-09-08,PX4240060
50,Eva,Gerard,2018-02-04,RN0280129
51,Axel,Renaud,1973-12-23,CV9668954
52,Emma,Noel,1968-01-03,WL2133266
53,Nour,Martinez,1981-10-04,GF3844791
54,Léonie,Masson,2007-02-24,ON0744142
55,Victoria,Guillaume,1998-12-16,TE8595197
56,Lya,Dupont,2017-05-22,HL8515874
57,Nathan,Gautier,1981-12-14,NV3467935
58,Liam,Gerard,1990-06-16,JC4957441
59,Léo,Bourgeois,1980-06-03,CN8783375
60,Ayden,Martinez,2012-02-27,ZL4805154
61,Inès,Benoit,1993-01-21,IE5163855
62,Inaya,David,2000-04-06,LU6831877
63,Léna,Masson,2007-03-05,EF2880023
64,Emy,Petit,1994-12-20,DG5849055
65,Eden,Bernard,1990-08-21,EE9208320
66,Gabriel,Duval,1971-11-16,CG1223583
67,Lucie,Gerard,1975-04-07,TE8226530
68,Inaya,Gerard,1985-11-19,OF0741666
69,Lyam,Chevalier,1963-01-31,PT8644923
70,Ethan,Girard,1978-04-22,MP8190976
71,Louise,Giraud,2007-05-27,YU9048327
72,Noah,Durand,2011-04-24,PC3251727
73,Gabin,Brun,1999-07-12,FE6656406
74,Tom,Lefevre,2019-02-07,WD6956152
75,Alix,Durand,2008-03-01,LD8982521
76,Théo,Robert,1996-07-01,MW5057244
77,Mohamed,Boyer,1973-08-12,FB5872712
78,Rose,Gauthier,1993-09-01,VN9208408
79,Mohamed,Barbier,2006-01-20,NJ5020361
80,Agathe,Vidal,1994-12-12,WU2477983
81,Alice,Renaud,2015-10-15,WN4889889
82,Lola,Henry,1996-01-28,MI8249400
83,Paul,Faure,1965-11-12,EK6619573
84,Gabriel,Roy,1997-06-10,MA4303869
85,Julia,Caron,1980-01-20,DV5455106
86,Agathe,Renard,1998-09-13,CP8028467
87,Victoire,Blanchard,2006-07-15,PM5543218
88,Eliott,Morel,1979-07-19,SM9480093
89,Margaux,Moreau,1983-10-04,ZH9455714
90,Nino,Michel,1988-08-29,WF5891097
91,Nino,Payet,2008-07-03,RY8317318
92,Martin,Marchand,1996-04-17,KL7602064
93,Elena,Schmitt,2019-12-17,CZ4329335
94,Olivia,Barbier,1964-05-14,HK8466446
95,Isaac,Martin,1965-07-15,JJ2434654
96,Tiago,Michel,1961-07-11,NY3840088
97,Tom,Simon,2018-06-25,VI1844293
98,Victor,Roger,1963-12-25,IA0257758
99,Jade,David,1995-11-03,OL7927986
100,Lina,Pierre,1979-06-07,XR9064641
101,Martin,Legrand,1962-02-16,ZB3751983
102,Rayan,Gautier,1987-12-27,AE1626852
103,Léna,Brunet,2001-05-05,ZI6026652
104,Valentin,Meunier,1995-03-12,TH8242340
105,Ibrahim,Dufour,1981-04-08,AM4364174
106,Léonie,Gauthier,2001-02-12,ER0531749
107,Alma,Mercier,2000-02-08,TP6010082
108,Imran,Durand,1981-10-17,NL4111330
109,Alice,Bernard,2010-01-05,JT4860192
110,Malo,Noel,2012-05-17,FN7561562
111,Aaron,Clement,1965-01-30,QC0388948
112,Sofia,Dupont,1981-08-17,DZ7449073
113,Nour,Roche,1965-12-07,BC2550511
114,Rose,Giraud,2013-11-18,AO0429555
115,Noé,Vidal,2011-02-27,RN0313351
116,Lina,Dupont,1983-11-01,TQ2084439
117,Ambre,Bonnet,1971-03-30,WH4684494
118,Robin,Renard,1968-01-08,TO2354818
119,Sofia,Roussel,1961-08-26,JO9592759
120,Mathis,Michel,1970-12-14,XY7415260
121,Margaux,Leroy,1961-03-03,JN0783172
122,Romane,David,1968-09-14,WU2838881
123,Rayan,Lemaire,1986-08-14,AL8743702
124,Léna,Roger,2000-04-27,TI3839200
125,Romane,Durand,1968-09-14,JY1419158
126,Rayan,Moreau,1962-04-29,WT2248027
127,Nina,Fabre,1997-05-25,KF0235585
128,Aaron,Henry,2008-07-27,RU4312201
129,Agathe,Bernard,1991-11-29,OB8076117
130,Marceau,Morel,2018-04-30,XU5843040
131,Raphaël,Roche,1963-06-12,IW1208721
132,Louis,Dumas,1998-02-25,HS5162186
133,Luna,Blanc,1975-03-06,DS0500551
134,Mila,Leclerc,2018-01-05,RT3500376
135,Naël,Dumont,1989-11-19,WC1532919
136,Agathe,Philippe,2010-07-05,PN9207776
137,Rose,Bernard,2008-05-14,BT3109631
138,Lucie,Chevalier,1992-10-10,RV6462841
139,Victor,Leclerc,1991-09-20,HA0494738
140,Alice,Mercier,1975-04-08,FL2508211
141,Jade,Pierre,1994-05-09,TK0027847
142,Agathe,Legrand,2008-02-05,PF7289248
143,Inaya,Fournier,1960-01-30,JA4338758
144,Imran,Leclercq,2019-10-24,DH7408341
145,Nathan,Roussel,2016-05-20,AZ6958919
146,Inaya,Lemoine,1984-06-29,OR7109631
147,Charlotte,Barbier,1973-11-18,DS9502673
148,Victoria,Fournier,2004-02-29,ZK4797479
149,Giulia,Richard,1987-05-24,LC8383247
150,Zoé,Chevalier,1967-02-07,GE8177102
151,Milo,Arnaud,1969-01-22,AN4740575
152,Romy,Girard,1995-07-26,NZ6093284
153,Zoé,Dumont,1968-10-24,GY8788177
154,Léa,Lefebvre,1980-07-13,SP2546850
155,Alba,Durand,2011-08-12,QS5943341
156,Léna,Roche,1997-07-15,RZ3382136
157,Lucie,Roux,2015-09-16,LN6457144
158,Alix,Michel,2011-03-04,UA3220148
159,Lucas,Muller,1973-03-05,HM8738302
160,Chloé,Clement,2004-09-21,QR3374254
161,Louna,David,1980-09-25,OZ9979445
162,Emy,Henry,2013-06-09,MW3804211
163,Mia,Boyer,1966-05-14,KJ4745495
164,Juliette,Lefebvre,1963-05-03,MN7944269
165,Alba,Clement,1999-08-01,ZF1659144
166,Lya,Caron,2017-09-06,FP8377886
167,Elena,Guillaume,1973-05-16,PX0203140
168,Eliott,Francois,1975-01-31,QT2647620
169,Adèle,Girard,1975-02-27,TT7957195
170,Augustin,Dupont,2009-01-11,CF5393741
171,Louise,Rolland,1991-03-26,KQ7810389
172,Iris,Roussel,1994-06-19,JD0130315
173,Inaya,Faure,2006-05-31,MJ1374258
174,Mia,Mercier,1980-05-07,JO5905959
175,Jade,Laurent,1960-06-25,JX2698431
176,Augustin,Lefevre,2012-02-10,RN5850528
177,Lucas,Leroy,1990-10-08,KJ3669111
178,Imran,Fontaine,1985-03-24,GR3272714
179,Juliette,Nicolas,1975-05-02,FA3776062
180,Olivia,Marie,1994-02-26,UR0644553
181,Marceau,Lucas,1993-06-23,YG5905498
182,Léna,Lemoine,1986-06-19,HO5543011
183,Imran,Blanc,2012-05-13,EP9481529
184,Gabriel,Petit,2012-08-31,FR5190279
185,Gaspard,Thomas,1960-11-02,AE7709968
186,Emy,Leroux,1970-03-21,BT3527354
187,Emma,Denis,2016-10-20,HA8970514
188,Ava,Giraud,2010-11-19,FW0245053
189,Alix,Brun,2007-02-24,BS3008037
190,Marceau,Noel,1982-12-24,WR4138405
191,Nathan,Dubois,1987-12-14,GB8978490
192,Luna,Marchand,1982-10-25,IE2823444
193,Rayan,Gautier,1970-03-12,AM4565329
194,Eva,Roy,1964-05-14,QN4896841
195,Léna,Guillaume,2010-12-23,MD4107804
196,Marceau,Dumas,1962-11-01,OX6490261
197,Eden,Vidal,1994-08-05,OI5014524
198,Ambre,Lecomte,2017-05-05,NP9595394
199,Victoire,Philippe,2013-11-11,YX2564400
200,Giulia,Roy,1983-08-29,CA8080992
201,Noé,Lemaire,1977-09-22,WM5061757
202,Louna,Mercier,1974-07-31,QS1363678
203,Sacha,Brun,1969-03-27,ZT6319525
204,Gabin,Nicolas,1972-02-18,AE1038020
205,Maël,Nicolas,2001-04-21,IO1721571
206,Axel,Fabre,1983-06-20,TU6474587
207,Liam,Garnier,2017-05-24,MP9712110
208,Mathis,Lemoine,2016-08-02,AR8609466
209,Lyana,Leroux,1995-07-21,YZ9216639
210,Tiago,Perrin,1965-10-18,NW4774027
211,Eliott,Masson,1970-02-06,GM7751405
212,Gabin,Riviere,1990-06-05,VZ6721823
213,Ayden,Renaud,2002-10-09,GE0049693
214,Eliott,Nicolas,1994-12-27,JC5263103
215,Jeanne,Lefebvre,1991-08-24,QK7589857
216,Chloé,Laurent,1981-04-07,QA6331059
217,Olivia,Perrin,2014-05-28,XY2543445
218,Margaux,Colin,1980-02-07,LP7456038
219,Mia,Leroy,1968-05-01,ZC8391399
220,Léonie,Mathieu,2006-11-26,UE9456032
221,Eliott,Mathieu,1991-04-07,AK5818910
222,Luna,Rolland,1996-03-20,UI9883825
223,Adèle,Rousseau,1970-10-17,CC7281837
224,Louise,Roger,2016-04-18,UI8480174
225,Alma,Dufour,1972-01-20,LC3391126
226,Ayden,Leroux,1991-05-04,GG9769690
227,Iris,Muller,1978-11-14,FS0583511
228,Romy,Benoit,1999-06-28,DR4524708
229,Olivia,Gaillard,1990-06-29,SJ4837628
230,Lucie,Leroy,1960-12-09,GS7417950
231,Ethan,Martinez,2013-08-11,MW8929583
232,Julia,Rolland,1969-01-11,SG2780759
233,Isaac,Masson,2017-01-26,FS6070284
234,Juliette,Lemoine,1996-08-17,WO1899420
235,Agathe,Lacroix,1991-01-09,YL0169097
236,Amir,Morin,2006-10-07,RT9203137
237,Louna,Gaillard,1975-08-26,VS2398163
238,Théo,Roger,2006-03-27,OW2030813
239,Raphaël,Moreau,2015-04-07,GS4738645
240,Ethan,Schmitt,1960-11-13,VQ4172422
241,Paul,Barbier,2008-04-12,II8447344
242,Hugo,Arnaud,1991-10-06,TM3394551
243,Valentin,Vidal,2003-05-11,AQ1502764
244,Nathan,Payet,2012-01-27,BS1509752
245,Noah,Caron,1995-09-22,LQ7838789
246,Emma,Gerard,1990-03-08,TN5332554
247,Noah,Rousseau,1995-02-20,TO7836099
248,Romane,Denis,1996-06-07,QB4968956
249,Ambre,Caron,2018-11-25,IH1563660
250,Naël,Lambert,1966-08-25,ND6165802
251,Charlotte,Dubois,2014-11-24,HM6165361
252,Amir,Leroy,1980-04-30,ZX2457974
253,Sofia,Aubert,1992-03-02,XP9881824
254,Ethan,Richard,2015-02-10,FA3818596
255,Alice,Duval,1985-10-12,WW3858130
256,Ayden,Pierre,1981-12-31,GA6841363
257,Enzo,Bernard,1965-04-24,JX5725240
258,Liam,Joly,2010-02-15,OA8420630
259,Charlotte,Guillaume,1980-02-19,ER0051066
260,Lucas,Lefevre,1981-02-12,YT5170724
261,Lya,Morel,1960-06-22,PP4843989
262,Robin,Lecomte,1962-02-04,RO8762528
263,Lina,Lacroix,1989-05-30,VF5501421
264,Mohamed,Aubert,2008-08-18,XK5149308
265,Victoria,Leroux,2004-07-16,TP8768315
266,Léna,Dumas,1995-08-22,AV6420621
267,Naël,Garnier,1998-08-09,IA3090064
268,Agathe,Mercier,1976-10-03,DA5693828
269,Ambre,Meyer,1977-09-18,TG0952441
270,Timéo,Dumont,1997-10-29,OA8558794
271,Maël,Moreau,1967-10-09,YL5240090
272,Léon,Leclerc,1968-08-04,SH1270250
273,Lou,Lecomte,1967-11-29,SZ0577189
274,Sofia,Dupont,1985-12-21,HQ4349703
275,Enzo,Lucas,1979-03-02,VT3998711
276,Mia,Riviere,1976-10-07,HJ6536012
277,Ambre,Joly,1991-08-03,RO3676922
278,Lyam,Roche,1963-08-10,GI8024927
279,Giulia,Rolland,2003-10-18,NU5906425
280,Eden,Clement,2004-01-17,XK2216622
281,Marius,Guerin,1978-02-05,UY3393006
282,Noé,Garnier,1965-05-17,XE2032142
283,Mya,Vidal,1961-07-26,IM0429526
284,Mohamed,Bourgeois,1962-06-02,RG9397871
285,Valentin,Bourgeois,1980-12-09,CX9559715
286,Elio,Legrand,1960-07-03,IW9238721
287,Milo,Henry,1987-06-28,XY5453311
288,Nour,Aubert,1995-03-10,ZC4934884
289,Gaspard,Mercier,1976-01-25,DU6826493
290,Romane,Durand,2004-05-18,QX8929040
291,Naël,Andre,2017-03-27,SR8553291
292,Louis,Riviere,2004-10-22,HZ7898314
293,Noah,Lemaire,1987-07-14,FR4686155
294,Giulia,Dumont,2009-12-07,VR2068345
295,Naël,Bonnet,1987-11-08,RU0233048
296,Lyam,Fabre,1986-11-18,NV7665246
297,Lya,Martin,1965-04-24,WA1174003
298,Chloé,Guerin,1982-08-06,FC1619165
299,Rose,Benoit,1965-06-18,IT0174139
300,Léo,Martinez,1966-10-03,CS6120089
301,Marceau,Barbier,2012-07-30,WG6638820
302,Milo,Leroux,1993-09-25,NI6013212
303,Lyam,Bernard,2002-08-06,EN8275670
304,Eliott,Renard,1980-02-14,FK1795383
305,Alice,Rousseau,1977-04-28,HZ4478645
306,Sofia,Gauthier,1960-09-06,OM2795444
307,Amir,David,1973-11-26,MH2690896
308,Anna,Morin,1964-02-08,YK2450388
309,Isaac,Vidal,1980-07-01,YI3801314
310,Elena,Payet,1997-05-20,HI7591513
311,Romane,Marie,1989-09-10,GP3426119
312,Marceau,Gautier,1983-03-10,GX1315373
313,Lola,Lucas,1999-09-21,OQ5186944
314,Marceau,Giraud,2006-02-28,OC4659623
315,Théo,Robin,1966-03-06,ZE7561750
316,Nour,Girard,1974-06-26,QG1897056
317,Iris,Rolland,1997-03-16,FV8100573
318,Olivia,Mercier,1976-06-28,RL8159387
319,Léonie,Caron,1971-09-30,NF7214895
320,Ava,Petit,1993-07-06,MN7357911
321,Eva,Laurent,2018-09-20,TD2602588
322,Sacha,Riviere,1976-07-20,FO5506371
323,Inès,Mathieu,1985-12-05,YR8788885
324,Malo,Leclerc,2017-02-12,NQ0176994
325,Alma,Rolland,2018-08-24,YW1472929
326,Sacha,Dubois,1990-06-15,LP1137957
327,Julia,Henry,1986-01-15,UV7961444
328,Nino,Guerin,1964-10-22,BJ1809854
329,Adèle,Dumont,1983-11-23,VW1552804
330,Gabin,Gauthier,1997-06-23,ZD3442850
331,Amir,Moreau,2004-09-26,FZ4621557
332,Timéo,Dumas,1970-10-03,BW5655963
333,Isaac,Faure,2017-01-15,KC7466236
334,Milo,Dupont,1973-03-19,LZ0700740
335,Lola,Rousseau,2004-11-18,QI3611629
336,Léon,Bernard,1971-08-22,XH3523671
337,Gaspard,Bertrand,1966-04-18,LY0211689
338,Aaron,Muller,1999-06-12,KQ8952882
339,Noah,Morel,1997-10-22,GZ2743421
340,Arthur,Barbier,1994-08-07,LP6337669
341,Enzo,Legrand,1968-11-29,WA5664831
342,Emy,Philippe,2009-05-14,ZV3743820
343,Alix,Olivier,2012-02-15,QN1525957
344,Nour,Petit,1963-03-02,WN0383564
345,Eden,Clement,1999-06-30,HV0530464
346,Rayan,Bonnet,2013-01-12,ZF2952493
347,Lyana,Leroux,1987-09-30,IL0369114
348,Ambre,Bourgeois,1992-12-09,WI8648640
349,Gaspard,Aubert,1987-03-28,DL2770608
350,Luna,Lucas,1977-07-26,QS9739878
351,Maël,Martinez,1994-07-09,VZ9048735
352,Agathe,Picard,1980-02-13,JB2516945
353,Arthur,Meunier,1998-05-13,DB9205009
354,Alba,Rousseau,2008-08-21,QB9136546
355,Ayden,Lucas,2017-06-07,AG8397853
356,Ambre,Olivier,1964-04-26,HT7439466
357,Lola,Leclerc,2013-07-03,OE8565673
358,Nour,Andre,1977-05-06,JQ5338812
359,Maël,Arnaud,1985-10-31,CK5315407
360,Imran,Colin,1980-12-31,AV8205669
361,Léon,Dupont,1978-08-19,WX1048347
362,Liam,Rousseau,2008-01-19,EJ4190903
363,Marius,Henry,2016-08-21,XR6821748
364,Louise,Picard,1968-05-23,RT1426444
365,Léa,Lefevre,2004-11-15,NT8486433
366,Victoria,Gaillard,2006-01-11,UU9622699
367,Elio,Lecomte,1969-03-03,BU0871148
368,Sacha,Gautier,1997-04-24,JS1617710
369,Marceau,Laurent,1983-05-23,UF2093923
370,Jules,Dumas,1987-06-06,TJ8156426
371,Lou,Michel,1971-09-02,DO0685338
372,Chloé,Giraud,1991-04-26,ZA8353431
373,Gabin,Lacroix,1994-09-08,RX7668546
374,Jeanne,Benoit,1988-10-28,NI7223706
375,Valentin,Mercier,2000-11-22,NQ1113901
376,Nathan,Perrin,2014-10-12,IZ7567134
377,Naël,Clement,1997-07-06,HT4791973
378,Ethan,Philippe,1986-02-20,HV2874856
379,Marius,Benoit,1969-10-19,LI8958014
380,Tiago,Guerin,1982-02-06,UV5762418
381,Elena,Nicolas,1961-12-17,DO8756934
382,Louis,Leclercq,1999-01-16,AK1161020
383,Gaspard,Barbier,1991-05-15,GN6925775
384,Arthur,Muller,1973-06-13,VF2546263
385,Amir,Duval,2015-06-27,WU5405635
386,Mila,Leroy,1997-06-12,YR8736564
387,Théo,Meyer,2009-01-29,XY0105903
388,Eden,Simon,1964-11-13,LH7081502
389,Mia,Muller,1991-02-26,GB3684508
390,Lya,Leroy,1992-06-27,RW6137931
391,Anna,Lacroix,2016-12-28,IQ5685111
392,Gabin,Duval,1969-06-12,SQ7514723
393,Eden,Roux,1996-12-12,WS8208569
394,Amir,Fabre,1981-09-08,WK6370281
395,Eva,Andre,1981-07-07,TA4421174
396,Ava,Muller,1994-10-18,MT8165215
397,Augustin,Faure,2007-10-30,YS0141850
398,Gabriel,Marchand,2018-11-01,QR8893075
399,Timéo,Lemaire,2012-04-28,FU6102355
400,Eliott,Leclercq,1977-07-15,OT8959223
401,Lucie,Gautier,1990-12-16,NQ3677294
402,Olivia,Fabre,2017-08-21,JA7618186
403,Jeanne,Muller,1973-01-16,VQ1631653
404,Aaron,Rey,2017-08-18,QT0933357
405,Nina,Morin,1995-11-27,OJ0269974
406,Rayan,Lucas,2013-10-10,PU8725972
407,Marius,Francois,1975-10-19,OQ4436452
408,Victor,Gautier,2017-03-02,ZX1632925
409,Anna,Andre,1977-12-23,EL7390864
410,Giulia,Gautier,2000-06-03,EV0441331
411,Naël,Vincent,1978-10-01,BG1414197
412,Lyana,Boyer,2016-05-02,CY5428807
413,Lucas,Vidal,1967-11-06,GS5435029
414,Axel,Morel,1974-01-13,EX1412893
415,Mya,Meyer,1962-09-04,ON5414824
416,Elena,Durand,2018-05-25,TZ4798339
417,Naël,Lefebvre,2008-04-05,QU1996374
418,Valentin,Chevalier,1971-07-19,MJ6288940
419,Iris,Dumas,1975-05-14,LJ2717291
420,Imran,Arnaud,1999-05-07,DX7579979
421,Lou,Blanchard,1988-11-18,NX0618712
422,Victoire,Roche,1998-04-15,XY9342856
423,Lyam,Roger,1986-04-05,LY7344393
424,Lya,Mathieu,2014-05-08,DF9210902
425,Sofia,Picard,1989-07-26,FA5278372
426,Lina,Gauthier,2004-11-15,LK0062513
427,Hugo,Roche,1995-04-27,FO3044691
428,Léo,Roger,2001-09-16,SY0384701
429,Axel,David,2018-12-01,DK6107536
430,Lya,Morin,1966-10-19,OQ0075341
431,Timéo,Fabre,1975-06-11,YJ0828105
432,Léon,Bourgeois,1976-08-21,MW9918384
433,Eva,Gerard,2001-08-14,HB7845119
434,Imran,Arnaud,1975-10-11,SU8933401
435,Léa,Petit,2005-04-12,HU0465552
436,Léa,Riviere,2007-06-02,RK8043234
437,Eliott,Bourgeois,2019-11-25,QC9395855
438,Rose,Philippe,1970-08-19,LX3189258
439,Augustin,David,1973-07-25,AY5868081
440,Elena,Vincent,2015-01-16,BF7990404
441,Isaac,Schmitt,2013-11-08,FN8352877
442,Adèle,Roy,2004-02-11,LI9112395
443,Inaya,Andre,1990-09-28,TB1937395
444,Jade,Robin,2001-07-17,LT7845496
445,Adèle,Martin,2003-07-23,RN4575951
446,Agathe,Garnier,1991-03-19,AB3143862
447,Théo,Morel,2012-07-07,WO6230842
448,Inaya,Roche,1979-05-31,YV8814531
449,Arthur,Thomas,2016-05-18,XT7527764
450,Sacha,Vidal,1964-11-14,YZ7715797
451,Marius,Schmitt,1975-01-07,LH1912839
452,Milo,Gautier,2012-12-03,VD5624764
453,Louise,Bourgeois,2017-05-15,HT9377440
454,Enzo,Guerin,1971-11-08,QI4205344
455,Lyana,Dupont,1987-10-24,NX9433449
456,Marceau,Leclerc,1975-10-03,TY5539281
457,Marceau,Legrand,2011-12-07,IZ2173460
458,Ambre,Roche,2003-04-22,XR1517155
459,Inès,Gautier,1963-10-03,KE9364484
460,Victoria,Barbier,2012-02-07,NF7897630
461,Rayan,Roger,1973-08-19,EP4082670
462,Augustin,Gaillard,2000-09-20,AM1395748
463,Elio,Laurent,1990-01-23,OP4928861
464,Louis,Girard,1970-10-19,WV3968003
465,Lyam,Lefebvre,1985-10-14,NY6848410
466,Eden,Rey,2006-12-28,LH9162598
467,Victor,Lemaire,1976-03-06,WR1693845
468,Mia,Faure,1969-08-24,VX9821050
469,Margaux,Nicolas,1965-03-14,YZ2011935
470,Lucie,Marie,1998-10-03,TW1969908
471,Nina,Bourgeois,1965-01-15,YI9286035
472,Noé,Schmitt,1976-01-31,GL6561127
473,Mila,Bourgeois,1974-04-15,ZZ6385508
474,Léna,Lecomte,2012-03-02,QF3201826
475,Léon,Rolland,1982-02-09,OX8975421
476,Iris,Martinez,1995-02-23,ZS9903269
477,Maël,Morel,2002-10-09,ZR2243229
478,Isaac,Aubert,1996-09-07,OI9598675
479,Aaron,Andre,1971-02-07,QY3905899
480,Inès,Dumas,2006-01-15,WQ7571880
481,Anna,Bernard,2019-08-28,GI5640029
482,Ibrahim,Olivier,1972-04-12,GL7300159
483,Jade,Lacroix,1979-02-12,OI5085777
484,Inès,Gaillard,1977-04-10,GI8837918
485,Elio,Leroux,2007-10-18,AV0339834
486,Eva,Lemoine,1974-01-19,MT3635991
487,Maël,Boyer,1973-07-05,XH1526804
488,Olivia,Rolland,1987-05-26,XD0733087
489,Victoria,Lemaire,1990-12-04,RN4090088
490,Lina,Francois,2005-05-30,XU4722394
491,Mia,Colin,1968-11-14,UO4655209
492,Romy,Leroux,1982-06-09,BZ6465293
493,Ava,Bonnet,1992-04-06,DX8643568
494,Alba,Laurent,1974-12-30,YJ4300883
495,Lyam,Denis,1989-06-16,EI4082145
496,Rayan,Guillaume,1962-11-08,MQ4803064
497,Eva,Leclercq,1962-08-22,MR3150361
498,Aaron,Renaud,1969-04-03,AR6329353
499,Iris,Aubert,2018-09-06,RN6431574
500,Lucie,Leclercq,1992-05-10,RI3253196
501,Rose,Mercier,1960-05-06,DH2134071
502,Raphaël,Morel,1984-11-07,MO9035645
503,Gabriel,Roux,1977-02-07,BB5618909
504,Inès,Fontaine,2010-05-13,VO6962371
505,Ambre,Lefebvre,1996-03-20,TU2561822
506,Elena,Rey,1963-05-09,HQ7932223
507,Alma,Brunet,1993-07-13,DY4188761
508,Luna,Arnaud,1986-11-23,OC9190611
509,Agathe,Benoit,2004-06-28,BT3199164
510,Louna,Rousseau,2017-02-28,AM2770312
511,Emma,Philippe,2009-07-19,YL3924736
512,Paul,Gerard,1982-01-17,WL1497713
513,Noé,Duval,1985-04-25,HQ1503412
514,Romane,Vincent,1981-08-24,FQ5018911
515,Alma,Lemaire,1986-03-10,BQ8941312
516,Lou,Masson,1976-05-08,ST7524338
517,Robin,Leclercq,2008-06-08,TQ0035922
518,Nina,Joly,1979-06-04,PW0305293
519,Agathe,Joly,2010-09-27,KX4639291
520,Liam,Bonnet,2011-06-23,BJ3039656
521,Raphaël,Joly,1995-06-13,VM9476260
522,Axel,Bonnet,1977-06-28,PA8443273
523,Adèle,Leroux,1961-06-19,JC4288828
524,Inès,Robert,1962-03-12,WE8211277
525,Nina,Andre,1960-02-04,IM7906509
526,Iris,Dumas,2017-10-20,DM7314697
527,Louis,Lefebvre,2012-07-22,NS4996512
528,Inaya,Picard,1969-04-22,PI5751515
529,Nina,Guillaume,1993-05-18,FL6698348
530,Mya,Blanc,2018-07-11,SS4724160
531,Elena,Fournier,1991-04-04,MK2711692
532,Timéo,Caron,2012-10-13,UB4007883
533,Eva,Lecomte,2003-03-01,ZL9394533
534,Jeanne,Girard,1997-03-11,JE6005711
535,Théo,Bertrand,1983-02-27,XR7667590
536,Ava,Benoit,2019-03-24,YS1752997
537,Gabin,Meunier,1960-09-03,JK2096722
538,Sacha,Rolland,2019-03-04,RK4240186
539,Olivia,Morin,2002-01-22,AQ3826943
540,Lou,Brun,1981-11-16,MZ1503110
541,Eden,Lucas,1972-09-27,IY1129965
542,Charlotte,Caron,2007-12-02,TV3151793
543,Tiago,Gerard,1989-12-29,EU7482400
544,Lina,Blanchard,1963-05-25,FK4791081
545,Emma,Lemaire,2007-05-12,CQ0569503
546,Julia,Fournier,2016-06-04,DZ4119794
547,Arthur,Barbier,1966-05-23,GG3250179
548,Luna,Renaud,1979-01-13,CW3569815
549,Nour,Bonnet,1964-06-11,EY0927053
550,Sofia,Clement,2004-01-03,ED7209313
551,Lyana,Muller,1963-09-14,YT3492648
552,Noé,Dupont,1968-09-26,UY8567909
553,Anna,Marie,1975-01-20,KD7165035
554,Ambre,Blanchard,1975-11-29,CW0554751
555,Sofia,Thomas,2001-02-27,DA4073225
556,Luna,Philippe,1977-09-16,RN2378159
557,Léonie,Philippe,2011-08-16,MH3509614
558,Iris,Blanc,1972-02-09,OB1558285
559,Sacha,Duval,1964-08-06,OI5911345
560,Margaux,Olivier,2009-01-21,PX4885339
561,Noé,Bourgeois,1981-11-07,WH3040476
562,Aaron,Lambert,2018-02-22,MC3982970
563,Nathan,Morin,2010-05-31,IG3447430
564,Tiago,Guerin,1962-09-08,YE7407978
565,Ava,Fabre,1977-05-03,LC0291128
566,Lou,Muller,1981-11-08,FQ6271113
567,Iris,Morel,1976-07-10,TF0483660
568,Lina,Schmitt,2007-02-21,FX8434163
569,Emy,Renard,2014-11-12,SC0151592
570,Mathis,Leclercq,1988-10-06,IR1193394
571,Tiago,Bernard,1989-12-16,JU1539824
572,Lina,Giraud,1977-10-19,GT3811633
573,Alix,Giraud,1991-10-18,JW6616159
574,Nour,Fournier,2018-04-16,ZN9355730
575,Victoria,Roche,1983-10-10,PK0702772
576,Maël,Colin,1965-10-09,II9865288
577,Romy,Garnier,1987-05-20,WD1047102
578,Louis,Thomas,1970-06-05,EV7168724
579,Charlie,Richard,1978-09-02,KR5606481
580,Giulia,Mercier,2004-02-10,VE7095369
581,Nour,Boyer,2006-01-25,KN6474246
582,Victor,Masson,1995-05-01,IG6741235
583,Luna,Masson,1995-05-29,MB2955494
584,Adèle,Bernard,1994-12-31,EK9117982
585,Adam,Laurent,1975-12-17,VB3180433
586,Victoria,Legrand,1993-01-21,YR1388938
587,Milo,Faure,2004-05-26,MT6327864
588,Ayden,Leroy,1996-02-13,KY2917987
589,Olivia,Leclercq,2005-08-27,TM6892304
590,Milo,Faure,1997-12-20,KN3167283
591,Lucas,Brunet,1991-08-05,PB5473902
592,Maël,Caron,1972-04-12,ZV2166295
593,Sacha,Michel,1985-06-01,RQ4525253
594,Lucas,Dufour,1960-02-17,HW9543451
595,Alix,Thomas,1995-01-12,XY8007565
596,Iris,Roche,1974-07-14,NU4312113
597,Ethan,Henry,1965-12-31,PF2297825
598,Léon,Guerin,2006-12-30,KE9164136
599,Milo,Philippe,1999-09-10,VN4682749
600,Eliott,Riviere,1978-04-28,LG2253593
601,Marius,Clement,2014-02-27,ZO4698176
602,Noah,Dumont,1995-05-09,UD2157125
603,Rose,Meunier,1970-03-21,GF5964921
604,Léa,Gauthier,1984-03-24,KV0809787
605,Luna,Francois,1991-07-20,IM9815698
606,Elena,Guillaume,1986-03-24,DQ1003244
607,Eden,Lemaire,2008-05-11,IE3488040
608,Lola,Richard,1983-09-10,XO7608566
609,Jade,Rolland,1982-03-19,XE2137122
610,Sofia,Lemaire,2000-08-10,JQ5362581
611,Louna,Legrand,1991-11-04,UB4869693
612,Noé,Bertrand,1962-07-28,LN5067065
613,Elena,Fontaine,1961-05-20,FX5961710
614,Romy,Philippe,1984-02-11,XC3971788
615,Ava,Dumas,1980-06-27,XG2310598
616,Ibrahim,Legrand,1965-04-14,HG8738202
617,Sacha,Marie,1960-06-08,RK4036280
618,Lucie,Simon,2006-10-19,AA4087090
619,Raphaël,Martinez,1984-11-01,VE4667157
620,Jules,Roy,1960-04-03,BA1514878
621,Rose,Clement,1968-12-17,DU5595619
622,Marius,Schmitt,2005-12-13,WL8008573
623,Lou,Michel,1980-02-09,OH3551978
624,Emy,Fabre,2013-10-17,JE8801393
625,Léonie,Olivier,1979-05-30,NE5370846
626,Eliott,Marchand,1965-01-24,XU2270705
627,Mohamed,Mathieu,2009-11-02,TR6475532
628,Paul,Gerard,1998-10-30,JG5239526
629,Lya,Garcia,1988-05-03,YF7127938
630,Léon,Martinez,1994-05-26,SQ7084507
631,Lucas,Lucas,1964-06-12,AR0489696
632,Nour,Giraud,2010-08-23,VP6133426
633,Jules,Leroy,1964-01-08,XU5634964
634,Inès,Garcia,1994-03-21,JP0380991
635,Mohamed,Joly,1984-02-10,UN3135846
636,Adèle,Brunet,1995-11-01,FU6718865
637,Romane,Blanc,1962-02-07,BS8585612
638,Malo,Meyer,1984-11-17,JJ1210102
639,Agathe,Marchand,1998-05-16,OO1832151
640,Noah,Bonnet,1976-09-23,YC1499819
641,Ayden,Aubert,1964-07-26,GB4755243
642,Nour,Philippe,1970-03-18,ZC5887820
643,Emma,Michel,1979-09-01,XH1869834
644,Mohamed,Joly,1973-09-23,PG9236123
645,Chloé,Faure,1978-11-22,QM5928537
646,Charlotte,Renaud,1973-12-20,NG4980625
647,Hugo,Guerin,1996-10-18,EO1916393
648,Adam,Mercier,1988-12-02,NB0269383
649,Léa,Renard,1970-01-25,JP2351408
650,Adam,Richard,1993-09-23,WA4532990
651,Ambre,Caron,1999-08-17,EY3351006
652,Nour,Garnier,1996-02-21,KD4247626
653,Jeanne,Gauthier,2000-03-28,DV4218009
654,Mila,Brun,1966-02-17,MH3745204
655,Inaya,Legrand,2008-04-17,PX1936359
656,Hugo,Blanchard,1971-05-20,QG3391428
657,Romy,Vidal,1998-07-15,LP5238556
658,Raphaël,Laurent,1987-05-10,TJ4127861
659,Nino,Colin,1992-11-24,UG6938298
660,Tom,Faure,2011-06-16,QT3504934
661,Lina,Barbier,2007-04-28,HD6030870
662,Louis,Rousseau,2003-11-27,ZP0612549
663,Imran,Robert,2019-05-30,OY6292918
664,Marceau,Payet,2009-11-16,XG1249572
665,Maël,Duval,2005-10-11,AC2287174
666,Ethan,Gauthier,1972-04-22,RB0819679
667,Nina,Dubois,1976-04-18,UI4380917
668,Juliette,Masson,2009-10-08,LC6258473
669,Alba,Bourgeois,1993-09-29,QQ5819547
670,Alma,Gauthier,2016-04-04,JQ0179305
671,Luna,Payet,2013-07-24,WE4753519
672,Mathis,Roche,2017-04-22,NK7812748
673,Lucie,Martinez,2001-07-25,MN7661173
674,Inès,Durand,1965-06-13,OA7513673
675,Lina,Lefevre,2016-01-23,IH1518228
676,Ambre,Renard,1987-01-08,MB5583426
677,Victor,Mercier,1962-12-16,FK4483350
678,Lou,Boyer,1998-06-16,KJ7068579
679,Louise,Morin,1964-05-26,LO3765142
680,Juliette,Clement,2012-12-07,CR4102576
681,Charlotte,Olivier,2011-04-04,NA6153011
682,Tiago,Duval,1995-01-18,OQ4122600
683,Isaac,Noel,1977-01-08,PU1556051
684,Sacha,Rousseau,1969-02-02,RW1153549
685,Eden,Martinez,2015-12-31,XI6068926
686,Arthur,Garnier,1962-04-26,AB6191860
687,Nour,Blanc,1962-09-23,SO1135097
688,Nina,Roux,2003-12-03,AE3776254
689,Giulia,Morel,1996-04-18,HW6403452
690,Alice,Giraud,2004-08-11,GI8605800
691,Ethan,Thomas,1974-11-15,GG1813252
692,Alix,Blanc,2017-10-07,OK9087585
693,Sacha,Henry,2011-09-28,WM3050270
694,Giulia,Payet,1964-02-08,YI1349084
695,Jade,Olivier,1968-11-25,CW2588317
696,Adam,Roger,2011-05-22,ZO4877258
697,Lyam,Guerin,2003-08-26,CC1936538
698,Margaux,Richard,1994-11-07,TR9488836
699,Maël,Olivier,2017-11-02,OW6214979
700,Raphaël,Lecomte,1992-07-27,CN3349364
701,Noé,Laurent,1988-12-16,TW6105295
702,Nour,Pierre,1975-06-10,IL1899837
703,Tom,Blanchard,1972-01-24,QG7425387
704,Ava,Leroux,1996-01-03,IH0294524
705,Naël,Girard,2016-05-23,XK3923066
706,Adèle,Gautier,1963-04-23,MA0144612
707,Louis,Legrand,1976-06-23,AX4099816
708,Sofia,Lefebvre,1988-07-19,CO2827256
709,Milo,Picard,1976-01-18,ZS1131575
710,Ava,Rolland,2009-11-19,MB7814368
711,Rose,Martinez,1983-08-23,DD8540123
712,Lou,Lucas,2009-12-03,RJ7422039
713,Paul,Muller,2008-01-10,SU2571539
714,Louis,Gautier,1980-03-30,IU8665940
715,Ayden,Picard,1971-06-23,RD1299753
716,Lyana,Dumont,1981-10-05,MJ0429332
717,Alba,Lefevre,2000-09-06,BO9772971
718,Giulia,Michel,2009-12-19,VX2567621
719,Charlotte,Nicolas,1999-09-14,GO5404938
720,Olivia,Blanchard,1985-06-06,EV4183231
721,Théo,Colin,1966-12-06,JE9830566
722,Elena,David,1964-02-14,ED9447486
723,Hugo,Fontaine,2016-10-10,FE2394276
724,Mya,Martinez,1970-09-10,JM0321751
725,Mia,Marchand,1986-09-27,BU9969549
726,Romy,Roussel,1966-03-31,CZ3826321
727,Victoire,Picard,1971-04-10,EV0262514
728,Rayan,Bertrand,1979-09-12,CO4095270
729,Rose,Roy,2014-03-01,SV8230228
730,Rose,Benoit,1984-04-20,AO5986949
731,Alba,Noel,2002-05-28,ES4506611
732,Lucas,Payet,2011-09-08,RT1916605
733,Lyam,Marchand,2018-05-18,EY9744678
734,Nina,Gautier,2017-02-15,NG6353252
735,Naël,Bourgeois,1963-05-28,II2850861
736,Léa,Robert,1967-08-07,QW8713694
737,Charlotte,Morel,1963-12-28,OB7894389
738,Giulia,Leclerc,2009-01-25,IM9390937
739,Mathis,Thomas,1982-01-21,LM4166821
740,Jade,Faure,1977-11-23,KW8524333
741,Romy,Meunier,2001-02-12,GQ4511269
742,Gaspard,Durand,1975-01-14,XH4356183
743,Jeanne,Robin,2008-09-15,JN1329149
744,Lyana,Fontaine,1963-09-25,GU5111625
745,Isaac,Masson,2017-01-17,SZ5057490
746,Victoria,Gauthier,1999-08-08,PZ4657860
747,Léonie,Lecomte,2012-03-19,EE3858499
748,Léon,Schmitt,1961-05-08,BJ7614854
749,Ethan,Brun,1999-02-19,SJ3267143
750,Alba,Dufour,1975-12-02,PX7330610
751,Tiago,Chevalier,1976-10-07,AT7849024
752,Agathe,David,1974-12-27,VH0504566
753,Alba,Gaillard,2019-10-22,KZ9973331
754,Théo,Dumont,1975-04-26,QF2988043
755,Ibrahim,Girard,1992-11-16,MJ3624617
756,Gaspard,David,1970-11-28,WY2279713
757,Nino,Arnaud,2011-08-07,OD5220736
758,Nino,Dupont,1970-04-29,QK9632463
759,Robin,Meyer,1982-06-02,QG6894565
760,Eva,Robert,1968-01-30,SF9289947
761,Julia,Richard,2018-02-10,TM9078475
762,Tiago,Bonnet,2004-07-19,IC7142023
763,Rose,Olivier,2015-05-20,LI6145200
764,Nathan,Lambert,1987-01-09,JY5326292
765,Zoé,Philippe,1965-09-03,EA6011589
766,Charlie,Denis,2019-03-31,UV8645997
767,Lucas,Lecomte,1977-05-13,AU5775074
768,Romy,Rousseau,2006-08-08,EH5016397
769,Marius,Lefebvre,1981-03-06,AG9511474
770,Tiago,Picard,1990-07-27,YZ6821953
771,Charlotte,Guerin,2018-01-24,ZE3693017
772,Enzo,Boyer,2003-06-15,OT1168180
773,Marceau,Marie,1997-10-25,OM8320890
774,Maël,Renaud,2000-02-12,XJ1889011
775,Sofia,Rolland,2010-01-08,JO9576218
776,Elio,Dupont,2005-06-09,QC8463147
777,Mya,Nicolas,1968-04-19,PK5182094
778,Lola,Robin,1974-06-13,ZW3356981
779,Eden,Laurent,1972-08-08,HV7754323
780,Lya,Colin,1978-03-24,MB9482717
781,Alix,Roux,1977-05-08,HT9784720
782,Nino,Aubert,2012-08-23,BZ3044881
783,Olivia,Brunet,1990-02-18,RO6486615
784,Léna,Henry,1970-09-04,SW3701096
785,Nour,Schmitt,1992-12-07,UQ7045978
786,Charlotte,Girard,1987-06-30,YT9604204
787,Inaya,Lefevre,1973-12-30,SI9829982
788,Emy,Lambert,1993-10-31,WM5329327
789,Louis,Dumont,2003-01-08,CJ2785591
790,Jeanne,Philippe,1966-06-15,NV4640557
791,Ayden,Andre,1990-10-31,TZ0140385
792,Alma,Laurent,1960-12-12,QY4091559
793,Ambre,Martinez,1994-01-21,JV9047043
794,Axel,Petit,1974-04-05,IQ0456060
795,Eva,Richard,1998-02-19,ON5105150
796,Rayan,Schmitt,2011-02-11,HM4001081
797,Maël,Meyer,1987-12-11,LN9465755
798,Arthur,Leroy,2009-08-15,XD7283509
799,Nour,Andre,2007-10-20,CB7886480
800,Victoria,Robert,2016-09-06,AG3310062
801,Chloé,Aubert,2008-05-06,BF7000594
802,Léo,Marchand,1994-10-26,LW2085865
803,Ibrahim,Blanc,2003-01-05,PQ5398845
804,Alix,Rolland,2018-10-08,QT8953716
805,Valentin,Brun,1968-02-05,IN9672322
806,Lola,Olivier,2006-12-07,IN2288612
807,Romy,Simon,1982-11-03,IB2609678
808,Mohamed,Duval,1992-01-07,MZ5271171
809,Gabin,Blanc,1983-01-13,ER6950194
810,Lucie,Dufour,1994-01-03,TU3622880
811,Mila,Robin,1988-07-22,TT3507289
812,Robin,Blanchard,1969-03-18,YM3609656
813,Alice,Petit,1995-03-15,NL2505382
814,Amir,Moreau,1966-01-09,FY7254532
815,Léa,Laurent,1979-03-04,WQ3668826
816,Emma,Henry,1987-01-12,BE0035095
817,Ethan,Henry,1969-12-04,QG3724637
818,Marius,Olivier,2012-08-17,YV5843239
819,Valentin,Moreau,2002-06-09,JW7798512
820,Louis,Leclerc,1993-10-21,CH1778815
821,Liam,Thomas,1961-07-26,BP7138229
822,Mya,Caron,1961-11-25,EB6115393
823,Luna,Bernard,2013-04-06,DZ7764521
824,Gaspard,Joly,2018-06-17,OZ9401835
825,Ava,Thomas,2017-03-04,ME6876599
826,Amir,Henry,1995-09-06,JF6183547
827,Alix,Brunet,1961-01-11,KE4290192
828,Amir,Gauthier,1994-03-27,FZ1119595
829,Julia,Leclercq,1964-02-15,OX2386082
830,Elio,Marchand,2001-09-02,TV7425578
831,Lina,Mathieu,1991-01-27,KA6145145
832,Zoé,Payet,2013-05-19,YV7323021
833,Jeanne,Roux,1960-10-24,AA3378590
834,Mia,Blanc,1985-01-09,GN8790114
835,Imran,Lacroix,2014-12-22,EY8382723
836,Théo,Blanc,1980-07-23,FT7012578
837,Léna,Muller,1991-10-21,FR9332768
838,Eden,Roussel,2018-08-29,DA0118138
839,Alma,Leclercq,1973-03-02,IO0185426
840,Léna,Blanchard,1992-06-21,ID6559010
841,Hugo,Clement,1995-05-04,TS7258432
842,Naël,Henry,1974-07-06,VL7401627
843,Ethan,Payet,1985-08-06,WI4781493
844,Adèle,Michel,2012-07-04,GP4988195
845,Timéo,Thomas,1974-05-16,RB0400436
846,Elena,Roux,2004-09-23,RT4511596
847,Louise,Benoit,1978-02-10,OR7338668
848,Mohamed,Mercier,1984-07-20,XB5005903
849,Lina,Bonnet,1997-10-09,GP7727987
850,Ibrahim,Gauthier,1984-03-20,YB6778649
851,Mohamed,Masson,2005-06-14,MT8891075
852,Ava,Richard,2004-05-23,CI7775741
853,Mya,Mercier,1976-12-23,RD3058011
854,Ava,Lemoine,2015-07-25,QB4531976
855,Romy,Bonnet,1970-09-12,NZ8402975
856,Lyana,Fournier,1974-08-11,PC6619292
857,Ambre,Masson,1960-04-24,EQ3000926
858,Mila,Dumont,1962-04-21,WG2992108
859,Augustin,Meunier,1998-06-25,CR3482026
860,Enzo,Durand,1983-12-12,MF1639026
861,Inaya,Marchand,2004-07-16,IE2521244
862,Isaac,Benoit,2018-05-08,ZM1368178
863,Alba,Lambert,2001-06-26,RL0035023
864,Marius,Gauthier,1992-04-19,IG4139662
865,Agathe,Fontaine,1996-04-16,RJ2655764
866,Charlotte,Durand,1960-10-09,BJ7298891
867,Louis,Marchand,1999-03-17,VZ6601401
868,Léna,Guillaume,1965-08-27,ZK3555429
869,Adam,Guillaume,1978-09-11,OH4635437
870,Maël,Dupont,1990-09-03,UH5293505
871,Victoria,Morin,2003-12-30,QS7438676
872,Naël,Picard,2010-07-16,SB0129674
873,Lyam,Lambert,1986-10-21,JB7822273
874,Alba,Blanchard,2013-07-26,LP0559068
875,Adèle,Richard,1961-12-11,KO5059325
876,Aaron,Joly,1982-08-05,XQ8353918
877,Jade,Giraud,1973-04-06,IV1691557
878,Elena,Boyer,1981-05-14,UP6005310
879,Nina,Arnaud,1986-07-03,RP7233218
880,Anna,Boyer,2014-04-22,VC2314911
881,Elena,Thomas,1993-02-22,GM1230122
882,Victor,Richard,1987-12-26,WN8613576
883,Ayden,Chevalier,1969-05-05,NM5435949
884,Milo,Dumont,1986-06-13,UH1865191
885,Adèle,Leroy,1979-12-05,YI4486398
886,Eden,Leroy,2007-12-20,IF9089707
887,Rose,Francois,1971-04-14,QX7684187
888,Chloé,Dufour,1970-07-25,LD8129768
889,Agathe,Leroux,1998-08-01,VO8034473
890,Mohamed,Renaud,1967-04-15,RD0396435
891,Inaya,Fabre,1986-09-02,QD0133131
892,Eden,Chevalier,1985-03-06,CF5320894
893,Gaspard,Masson,1962-09-29,MC9557569
894,Gaspard,Renaud,1972-12-19,MQ4266154
895,Adam,Leroy,1979-02-23,AG5237650
896,Hugo,Blanchard,1973-01-13,SH7354131
897,Lya,Clement,1974-01-31,GW5002498
898,Rose,Roy,1971-09-01,QT0239431
899,Nina,Bertrand,2005-06-09,SY3313947
900,Paul,Philippe,1975-08-25,UY5204111
901,Amir,Garnier,2000-01-20,VC0974257
902,Ethan,Boyer,2013-09-19,JD6915063
903,Louna,Barbier,2013-07-14,RE7140727
904,Tiago,Rolland,1999-06-30,EA1963027
905,Rose,Mathieu,1998-11-19,LF0891746
906,Léonie,Michel,1992-02-05,GU3025750
907,Enzo,Morel,1997-10-24,PX3194628
908,Sacha,Colin,1988-08-04,OB7198613
909,Rose,Simon,2008-12-12,NM4442437
910,Victoria,Garcia,1962-09-23,UB5340994
911,Valentin,Morel,1962-01-04,UU9346255
912,Milo,Rey,1963-04-26,GR7305422
913,Ibrahim,Schmitt,1963-01-13,NF7020185
914,Noah,David,1986-08-03,ZY8555341
915,Ambre,Fontaine,1998-06-21,JR0392538
916,Iris,Guillaume,2006-04-05,ZO1908295
917,Tiago,Marie,2010-05-01,AT7982362
918,Aaron,Aubert,1967-03-29,WQ2834202
919,Gaspard,Lemoine,2011-01-18,WR8218122
920,Romane,Picard,2016-06-20,TI8285665
921,Alba,Olivier,2016-10-30,VS3198444
922,Malo,Renaud,2003-01-03,SC7172396
923,Adèle,Guillaume,1991-10-24,HX5339957
924,Robin,Henry,1961-07-13,XD3434033
925,Alix,Meyer,1966-02-24,KL5258126
926,Victoire,Caron,1997-01-03,QN5235318
927,Milo,Arnaud,2011-11-12,BV6551868
928,Lyam,Caron,2017-04-09,JF8830415
929,Eden,Moreau,1980-12-09,UV7367255
930,Alice,Fournier,1961-10-22,ZR2521826
931,Louis,Masson,1965-03-17,AB1597292
932,Mohamed,Muller,1961-02-12,LK9426249
933,Timéo,Marie,1988-10-12,BW8663858
934,Lyana,David,2003-12-25,WO1271627
935,Marceau,Guerin,1965-03-06,MO8207079
936,Louna,Roy,1982-06-03,BL4256142
937,Victor,Lefebvre,2012-08-07,AB1631312
938,Noé,Leclerc,1982-04-26,JN8538409
939,Rayan,Brun,2001-05-24,QQ0697201
940,Charlotte,Philippe,1993-10-20,TA8156232
941,Jade,Rolland,2001-06-27,OL6808309
942,Noé,Guillaume,2010-02-16,WC6698116
943,Adèle,Giraud,2017-05-16,NL6011547
944,Hugo,Roux,1971-04-16,ZZ0342231
945,Eliott,Vincent,2015-10-03,BQ9241706
946,Romy,Martin,2019-09-13,TI1639254
947,Olivia,Dufour,2011-10-07,TW6863856
948,Jade,Lefevre,2008-01-27,HV6223759
949,Emma,Marchand,1994-09-17,WP5407188
950,Théo,Riviere,2006-06-29,GH7429990
951,Imran,Richard,2003-10-01,RQ5645927
952,Naël,Renard,1982-01-20,KB1106814
953,Léon,Meunier,1993-03-31,FU6754609
954,Imran,David,1963-09-28,IE1774929
955,Rose,Rousseau,1981-03-17,RR5289080
956,Inaya,Dupont,1962-12-31,OV5410189
957,Eliott,Schmitt,2000-06-15,OR0319265
958,Aaron,Fabre,1966-09-28,TY9032139
959,Nour,Bernard,1965-09-25,IV2226070
960,Robin,Giraud,2001-02-19,HB8131431
961,Jade,Rousseau,2003-02-21,EQ2399928
962,Gabriel,Blanc,1980-10-06,PM2776866
963,Noah,Meyer,1988-12-16,XB8654103
964,Alice,Colin,1987-12-02,QR4681678
965,Liam,Legrand,2003-12-17,XO5472395
966,Lyam,Morin,2006-05-20,GX8696017
967,Jules,Meyer,1994-06-17,HM3547058
968,Robin,Dumont,1967-02-08,LV1642523
969,Théo,Perrin,1989-02-05,LI2048153
970,Eliott,Fontaine,1980-10-11,YA2258709
971,Charlie,Dubois,1961-07-07,KN0449712
972,Emy,Brunet,2008-03-30,VN9213060
973,Romy,Blanc,2013-01-08,FT7705187
974,Adèle,Bonnet,2011-02-15,HY7929668
975,Lina,Lacroix,2016-03-23,CL2215193
976,Margaux,Mercier,2000-12-24,HD6860189
977,Léon,Dumas,1974-12-25,FB5050660
978,Alix,Dupont,1977-09-04,NK9828732
979,Lou,Dumont,2019-10-04,IL3960671
980,Lyam,Martin,1963-08-28,LN8067041
981,Léa,Leclercq,2011-11-29,SH4290131
982,Mohamed,Meunier,2006-07-09,FI8759656
983,Olivia,Lucas,2014-05-21,RR4791980
984,Rayan,Legrand,2017-09-19,OF1161109
985,Adam,Leroux,1969-02-22,GB3096772
986,Mohamed,Giraud,1969-09-09,YD4236856
987,Lyam,Guillaume,1979-04-23,LF8493883
988,Elena,Morin,1981-12-28,BZ4056022
989,Axel,Moreau,1997-04-19,FH5018181
990,Adam,Lefebvre,1985-04-19,II6600065
991,Lola,Joly,1972-03-19,LX3773543
992,Enzo,Garcia,1997-08-10,CW1342027
993,Mia,Gauthier,2007-04-20,TE5960046
994,Adam,Lefebvre,2016-03-23,DA6788286
995,Marius,Noel,1997-03-17,DQ3359180
996,Léo,Noel,1976-05-29,MU7484705
997,Lola,Bonnet,1973-04-03,RG1556301
998,Marceau,Giraud,2003-01-21,JZ0828373
999,Malo,Barbier,1964-05-01,BV4827971
1000,Augustin,Colin,1984-11-11,ZQ1423647
